season,fullName,Current_Team,Team_in_2023,position,Starting_11,Batting_FP,Bowling_FP,Fielding_FP,Total_FP,AverageFantasyPointsin2021,AverageFantasyPointsin2022,AverageFantasyPointsin2023,Average_Fantasy_Points_2024,Consistency_Rating,ceiling_average,Tot_60_plus_scores,Upside_Score,Risk.Rating
2021,Abdul Samad,Sunrisers Hyderabad,Sunrisers Hyderabad,Allrounder,176,532,100,256,1064.0,24.18,,,,58,57.0,2,6.06 %,High
2022,Abdul Samad,Sunrisers Hyderabad,Sunrisers Hyderabad,Allrounder,32,8,0,32,72.0,,9.0,,,58,57.0,2,6.06 %,High
2024,Abdul Samad,Sunrisers Hyderabad,Sunrisers Hyderabad,Allrounder,192,1216,0,0,1216.0,,,,25.33,58,57.0,2,6.06 %,High
2023,Abdul Samad,Sunrisers Hyderabad,Sunrisers Hyderabad,Allrounder,128,876,0,128,1132.0,,,35.38,,58,57.0,2,6.06 %,High
2023,Abhinav Manohar,Gujarat Titans,Gujarat Titans,Allrounder,84,450,0,132,666.0,,,31.71,,55,63.33,2,12.5 %,High
2024,Abhinav Manohar,Gujarat Titans,Gujarat Titans,Allrounder,24,57,0,0,57.0,,,,9.5,55,63.33,2,12.5 %,High
2022,Abhinav Manohar,Gujarat Titans,Gujarat Titans,Allrounder,84,426,0,114,624.0,,29.71,,,55,63.33,2,12.5 %,High
2023,Abhishek Sharma,Sunrisers Hyderabad,Sunrisers Hyderabad,Allrounder,176,1224,176,152,1728.0,,,39.27,,70,115.67,16,32.65 %,Low
2022,Abhishek Sharma,Sunrisers Hyderabad,Sunrisers Hyderabad,Allrounder,224,2188,8,32,2452.0,,43.79,,,70,115.67,16,32.65 %,Low
2021,Abhishek Sharma,Sunrisers Hyderabad,Sunrisers Hyderabad,Allrounder,128,500,464,64,1156.0,36.12,,,,70,115.67,16,32.65 %,Low
2024,Abhishek Sharma,Sunrisers Hyderabad,Sunrisers Hyderabad,Allrounder,256,3152,296,0,3448.0,,,,53.88,70,115.67,16,32.65 %,Low
2023,Adam Zampa,Rajasthan Royals,Rajasthan Royals,Bowler,24,10,216,0,250.0,,,41.67,,59,62.67,2,33.33 %,High
2024,Aiden Markram,Sunrisers Hyderabad,Sunrisers Hyderabad,Batsman,176,1264,32,0,1296.0,,,,29.45,65,94.67,10,22.73 %,Medium
2021,Aiden Markram,Sunrisers Hyderabad,Sunrisers Hyderabad,Batsman,96,696,8,112,912.0,38.0,,,,65,94.67,10,22.73 %,Medium
2023,Aiden Markram,Sunrisers Hyderabad,Sunrisers Hyderabad,Batsman,208,1232,140,336,1916.0,,,36.85,,65,94.67,10,22.73 %,Medium
2022,Aiden Markram,Sunrisers Hyderabad,Sunrisers Hyderabad,Batsman,224,2008,84,192,2508.0,,44.79,,,65,94.67,10,22.73 %,Medium
2022,Ajinkya Rahane,Chennai Super Kings,Chennai Super Kings,Batsman,112,612,0,120,844.0,,30.14,,,60,90.67,4,12.12 %,High
2021,Ajinkya Rahane,Chennai Super Kings,Chennai Super Kings,Batsman,16,36,0,0,52.0,13.0,,,,60,90.67,4,12.12 %,High
2024,Ajinkya Rahane,Chennai Super Kings,Chennai Super Kings,Batsman,192,1464,0,0,1464.0,,,,30.5,60,90.67,4,12.12 %,High
2023,Ajinkya Rahane,Chennai Super Kings,Chennai Super Kings,Batsman,208,1760,0,304,2272.0,,,43.69,,60,90.67,4,12.12 %,High
2023,Akash Deep,Royal Challengers Bengaluru,,Allrounder,24,63,57,24,168.0,,,28.0,,53,61.0,1,12.5 %,High
2024,Akash Deep,Royal Challengers Bengaluru,,Allrounder,12,18,87,0,105.0,,,,35.0,53,61.0,1,12.5 %,High
2022,Akash Deep,Royal Challengers Bengaluru,,Allrounder,60,0,429,24,513.0,,34.2,,,53,61.0,1,12.5 %,High
2023,Akash Madhwal,Mumbai Indians,Mumbai Indians,Bowler,64,0,864,12,940.0,,,58.75,,61,136.0,4,30.77 %,High
2024,Akash Madhwal,Mumbai Indians,Mumbai Indians,Bowler,8,16,322,0,338.0,,,,33.8,61,136.0,4,30.77 %,High
2023,Akash Singh,Chennai Super Kings,Chennai Super Kings,Bowler,48,0,258,16,322.0,,,26.83,,53,43.33,0,0 %,High
2021,Akash Singh,Chennai Super Kings,Chennai Super Kings,Bowler,8,0,0,0,8.0,4.0,,,,53,43.33,0,0 %,High
2022,Alzarri Joseph,Gujarat Titans,Gujarat Titans,Bowler,108,15,561,78,762.0,,28.22,,,56,62.67,2,10.53 %,High
2023,Alzarri Joseph,Gujarat Titans,Gujarat Titans,Bowler,84,12,519,48,663.0,,,31.57,,56,62.67,2,10.53 %,High
2024,Alzarri Joseph,Gujarat Titans,Gujarat Titans,Bowler,0,0,111,0,111.0,,,,12.33,56,62.67,2,10.53 %,High
2022,Aman Hakim Khan,Delhi Capitals,Delhi Capitals,Bowler,8,12,0,0,20.0,,10.0,,,55,50.0,1,9.09 %,High
2023,Aman Hakim Khan,Delhi Capitals,Delhi Capitals,Bowler,80,282,0,144,506.0,,,25.3,,55,50.0,1,9.09 %,High
2022,Ambati Rayudu,Chennai Super Kings,Chennai Super Kings,Batsman,144,1059,0,96,1299.0,,36.08,,,63,99.67,4,10.26 %,High
2021,Ambati Rayudu,Chennai Super Kings,Chennai Super Kings,Batsman,168,1017,0,84,1269.0,30.21,,,,63,99.67,4,10.26 %,High
2023,Ambati Rayudu,Chennai Super Kings,Chennai Super Kings,Batsman,156,576,0,48,780.0,,,20.0,,63,99.67,4,10.26 %,High
2023,Amit Mishra,Lucknow Super Giants,Lucknow Super Giants,Bowler,84,57,567,42,750.0,,,35.71,,56,90.33,3,25 %,High
2024,Amit Mishra,Lucknow Super Giants,Lucknow Super Giants,Bowler,0,0,87,0,87.0,,,,29.0,56,90.33,3,25 %,High
2021,Amit Mishra,Lucknow Super Giants,Lucknow Super Giants,Bowler,48,0,528,0,576.0,48.0,,,,56,90.33,3,25 %,High
2023,Andre Russell,Kolkata Knight Riders,Kolkata Knight Riders,Allrounder,224,1272,708,240,2444.0,,,43.64,,78,172.33,23,45.1 %,Low
2024,Andre Russell,Kolkata Knight Riders,Kolkata Knight Riders,Allrounder,144,1448,2156,0,3604.0,,,,64.36,78,172.33,23,45.1 %,Low
2021,Andre Russell,Kolkata Knight Riders,Kolkata Knight Riders,Allrounder,160,1012,1156,64,2392.0,59.8,,,,78,172.33,23,45.1 %,Low
2022,Andre Russell,Kolkata Knight Riders,Kolkata Knight Riders,Allrounder,208,1852,1780,56,3896.0,,74.92,,,78,172.33,23,45.1 %,Low
2021,Anmolpreet Singh,Sunrisers Hyderabad,,Batsman,16,80,0,0,96.0,24.0,,,,52,51.33,0,0 %,High
2022,Anmolpreet Singh,Sunrisers Hyderabad,,Batsman,32,56,0,0,88.0,,11.0,,,52,51.33,0,0 %,High
2024,Anmolpreet Singh,Sunrisers Hyderabad,,Batsman,32,60,0,0,60.0,,,,7.5,52,51.33,0,0 %,High
2023,Anmolpreet Singh,Sunrisers Hyderabad,,Batsman,64,560,0,32,656.0,,,41.0,,52,51.33,0,0 %,High
2023,Anrich Nortje,Delhi Capitals,Delhi Capitals,Bowler,160,188,1152,56,1556.0,,,38.9,,61,81.33,10,33.33 %,High
2022,Anrich Nortje,Delhi Capitals,Delhi Capitals,Bowler,96,4,884,64,1048.0,,43.67,,,61,81.33,10,33.33 %,High
2024,Anrich Nortje,Delhi Capitals,Delhi Capitals,Bowler,32,48,828,0,876.0,,,,36.5,61,81.33,10,33.33 %,High
2021,Anrich Nortje,Delhi Capitals,Delhi Capitals,Bowler,128,0,1464,32,1624.0,50.75,,,,61,81.33,10,33.33 %,High
2024,Anuj Rawat,Royal Challengers Bengaluru,Royal Challengers Bangalore,Wicketkeeper,80,600,0,0,600.0,,,,30.0,55,75.33,3,13.64 %,High
2022,Anuj Rawat,Royal Challengers Bengaluru,Royal Challengers Bangalore,Wicketkeeper,128,628,0,160,916.0,,28.62,,,55,75.33,3,13.64 %,High
2023,Anuj Rawat,Royal Challengers Bengaluru,Royal Challengers Bangalore,Wicketkeeper,112,452,0,168,732.0,,,26.14,,55,75.33,3,13.64 %,High
2021,Anuj Rawat,Royal Challengers Bengaluru,Royal Challengers Bangalore,Wicketkeeper,32,-8,0,112,136.0,17.0,,,,55,75.33,3,13.64 %,High
2024,Anukul Roy,Kolkata Knight Riders,Kolkata Knight Riders,Allrounder,12,21,36,0,57.0,,,,6.33,53,55.67,2,18.18 %,High
2022,Anukul Roy,Kolkata Knight Riders,Kolkata Knight Riders,Allrounder,24,0,81,24,129.0,,21.5,,,53,55.67,2,18.18 %,High
2023,Anukul Roy,Kolkata Knight Riders,Kolkata Knight Riders,Allrounder,72,78,291,72,513.0,,,28.5,,53,55.67,2,18.18 %,High
2023,Arshad Khan,Lucknow Super Giants,Mumbai Indians,Allrounder,96,80,468,32,676.0,,,28.17,,62,106.33,4,22.22 %,High
2024,Arshad Khan,Lucknow Super Giants,Mumbai Indians,Allrounder,48,480,148,0,628.0,,,,52.33,62,106.33,4,22.22 %,High
2022,Arshdeep Singh,Punjab Kings,Punjab Kings,Bowler,224,80,1160,152,1616.0,,28.86,,,68,132.33,9,16.67 %,Medium
2023,Arshdeep Singh,Punjab Kings,Punjab Kings,Bowler,224,8,1812,56,2100.0,,,37.5,,68,132.33,9,16.67 %,Medium
2021,Arshdeep Singh,Punjab Kings,Punjab Kings,Bowler,192,8,2096,80,2376.0,49.5,,,,68,132.33,9,16.67 %,Medium
2024,Arshdeep Singh,Punjab Kings,Punjab Kings,Bowler,16,40,2204,0,2244.0,,,,40.07,68,132.33,9,16.67 %,Medium
2023,Atharva Taide,Punjab Kings,Punjab Kings,Allrounder,56,500,0,80,636.0,,,45.43,,57,84.67,3,33.33 %,High
2024,Atharva Taide,Punjab Kings,Punjab Kings,Allrounder,16,182,8,0,190.0,,,,47.5,57,84.67,3,33.33 %,High
2024,Avesh Khan,Rajasthan Royals,Lucknow Super Giants,Bowler,32,80,2400,0,2480.0,,,,41.33,70,112.67,15,28.3 %,Low
2022,Avesh Khan,Rajasthan Royals,Lucknow Super Giants,Bowler,208,112,2032,64,2416.0,,46.46,,,70,112.67,15,28.3 %,Low
2021,Avesh Khan,Rajasthan Royals,Lucknow Super Giants,Bowler,256,24,2800,32,3112.0,48.62,,,,70,112.67,15,28.3 %,Low
2023,Avesh Khan,Rajasthan Royals,Lucknow Super Giants,Bowler,144,0,736,64,944.0,,,26.22,,70,112.67,15,28.3 %,Low
2024,Axar Patel,Delhi Capitals,Delhi Capitals,Allrounder,192,1444,1484,0,2928.0,,,,52.29,74,112.0,20,37.04 %,Low
2022,Axar Patel,Delhi Capitals,Delhi Capitals,Allrounder,224,984,728,288,2224.0,,39.71,,,74,112.0,20,37.04 %,Low
2023,Axar Patel,Delhi Capitals,Delhi Capitals,Allrounder,224,1504,1348,224,3300.0,,,58.93,,74,112.0,20,37.04 %,Low
2021,Axar Patel,Delhi Capitals,Delhi Capitals,Allrounder,192,152,1788,152,2284.0,47.58,,,,74,112.0,20,37.04 %,Low
2024,Ayush Badoni,Lucknow Super Giants,Lucknow Super Giants,Batsman,144,1041,24,0,1065.0,,,,29.58,63,82.0,5,13.89 %,High
2022,Ayush Badoni,Lucknow Super Giants,Lucknow Super Giants,Batsman,144,594,174,210,1122.0,,31.17,,,63,82.0,5,13.89 %,High
2023,Ayush Badoni,Lucknow Super Giants,Lucknow Super Giants,Batsman,144,909,0,48,1101.0,,,30.58,,63,82.0,5,13.89 %,High
2023,Bhuvneshwar Kumar,Sunrisers Hyderabad,Sunrisers Hyderabad,Bowler,224,176,1800,88,2288.0,,,40.86,,65,121.0,5,9.09 %,Medium
2022,Bhuvneshwar Kumar,Sunrisers Hyderabad,Sunrisers Hyderabad,Bowler,224,108,1392,112,1836.0,,32.79,,,65,121.0,5,9.09 %,Medium
2021,Bhuvneshwar Kumar,Sunrisers Hyderabad,Sunrisers Hyderabad,Bowler,176,156,704,0,1036.0,23.55,,,,65,121.0,5,9.09 %,Medium
2024,Bhuvneshwar Kumar,Sunrisers Hyderabad,Sunrisers Hyderabad,Bowler,80,196,1420,0,1616.0,,,,25.25,65,121.0,5,9.09 %,Medium
2023,Cameron Green,Royal Challengers Bengaluru,Mumbai Indians,Allrounder,128,1220,280,92,1720.0,,,53.75,,78,138.67,12,41.38 %,Low
2024,Cameron Green,Royal Challengers Bengaluru,Mumbai Indians,Allrounder,96,774,604,0,1378.0,,,,53.0,78,138.67,12,41.38 %,Low
2023,Chris Jordan,Mumbai Indians,Mumbai Indians,Bowler,72,18,225,24,339.0,,,18.83,,54,61.33,1,7.14 %,High
2022,Chris Jordan,Mumbai Indians,Mumbai Indians,Bowler,48,33,126,114,321.0,,26.75,,,54,61.33,1,7.14 %,High
2021,Chris Jordan,Mumbai Indians,Mumbai Indians,Bowler,48,141,300,0,489.0,40.75,,,,54,61.33,1,7.14 %,High
2022,Darshan Nalkande,Gujarat Titans,,Bowler,24,0,126,0,150.0,,25.0,,,52,50.33,1,16.67 %,High
2023,Darshan Nalkande,Gujarat Titans,,Bowler,12,0,69,0,81.0,,,27.0,,52,50.33,1,16.67 %,High
2024,Darshan Nalkande,Gujarat Titans,,Bowler,12,60,261,0,321.0,,,,35.67,52,50.33,1,16.67 %,High
2022,Daryl Mitchell,Chennai Super Kings,,Allrounder,16,64,0,32,112.0,,28.0,,,60,77.33,3,20 %,High
2024,Daryl Mitchell,Chennai Super Kings,,Allrounder,104,928,66,0,994.0,,,,38.23,60,77.33,3,20 %,High
2021,David Miller,Gujarat Titans,Gujarat Titans,Batsman,128,588,0,152,868.0,27.12,,,,66,112.67,10,20.83 %,Medium
2022,David Miller,Gujarat Titans,Gujarat Titans,Batsman,256,2524,0,240,3020.0,,47.19,,,66,112.67,10,20.83 %,Medium
2024,David Miller,Gujarat Titans,Gujarat Titans,Batsman,144,1272,0,0,1272.0,,,,35.33,66,112.67,10,20.83 %,Medium
2023,David Miller,Gujarat Titans,Gujarat Titans,Batsman,240,1396,0,376,2012.0,,,33.53,,66,112.67,10,20.83 %,Medium
2022,David Warner,Delhi Capitals,Delhi Capitals,Batsman,192,2328,0,192,2712.0,,56.5,,,68,113.67,18,42.86 %,Medium
2021,David Warner,Delhi Capitals,Delhi Capitals,Batsman,128,984,0,112,1224.0,38.25,,,,68,113.67,18,42.86 %,Medium
2024,David Warner,Delhi Capitals,Delhi Capitals,Batsman,128,1096,0,0,1096.0,,,,34.25,68,113.67,18,42.86 %,Medium
2023,David Warner,Delhi Capitals,Delhi Capitals,Batsman,224,2700,0,224,3148.0,,,56.21,,68,113.67,18,42.86 %,Medium
2021,Deepak Chahar,Chennai Super Kings,Chennai Super Kings,Bowler,180,3,1176,156,1515.0,33.67,,,,63,119.0,7,21.21 %,High
2023,Deepak Chahar,Chennai Super Kings,Chennai Super Kings,Bowler,120,3,1017,24,1164.0,,,38.8,,63,119.0,7,21.21 %,High
2024,Deepak Chahar,Chennai Super Kings,Chennai Super Kings,Bowler,0,0,519,0,519.0,,,,21.62,63,119.0,7,21.21 %,High
2021,Deepak Hooda,Lucknow Super Giants,Lucknow Super Giants,Allrounder,192,804,216,224,1436.0,29.92,,,,64,108.0,8,16.67 %,Medium
2024,Deepak Hooda,Lucknow Super Giants,Lucknow Super Giants,Allrounder,144,900,32,0,932.0,,,,25.89,64,108.0,8,16.67 %,Medium
2023,Deepak Hooda,Lucknow Super Giants,Lucknow Super Giants,Allrounder,192,364,0,360,916.0,,,19.08,,64,108.0,8,16.67 %,Medium
2022,Deepak Hooda,Lucknow Super Giants,Lucknow Super Giants,Allrounder,240,2364,124,256,2984.0,,49.73,,,64,108.0,8,16.67 %,Medium
2023,Devdutt Padikkal,Lucknow Super Giants,Rajasthan Royals,Batsman,176,1360,0,128,1664.0,,,37.82,,65,111.33,10,20.41 %,Medium
2021,Devdutt Padikkal,Lucknow Super Giants,Rajasthan Royals,Batsman,224,2116,0,240,2580.0,46.07,,,,65,111.33,10,20.41 %,Medium
2022,Devdutt Padikkal,Lucknow Super Giants,Rajasthan Royals,Batsman,272,1936,0,184,2392.0,,35.18,,,65,111.33,10,20.41 %,Medium
2024,Devdutt Padikkal,Lucknow Super Giants,Rajasthan Royals,Batsman,112,288,0,0,288.0,,,,10.29,65,111.33,10,20.41 %,Medium
2023,Devon Conway,Chennai Super Kings,Chennai Super Kings,Wicketkeeper,120,1758,0,96,1974.0,,,65.8,,74,126.0,12,54.55 %,Low
2022,Devon Conway,Chennai Super Kings,Chennai Super Kings,Wicketkeeper,56,668,0,44,768.0,,54.86,,,74,126.0,12,54.55 %,Low
2022,Dewald Brevis,Mumbai Indians,,Batsman,56,450,66,48,620.0,,44.29,,,57,65.33,2,20 %,High
2024,Dewald Brevis,Mumbai Indians,,Batsman,24,214,0,0,214.0,,,,35.67,57,65.33,2,20 %,High
2023,Dhruv Jurel,Rajasthan Royals,Rajasthan Royals,Wicketkeeper,88,430,0,16,534.0,,,24.27,,60,70.33,2,9.09 %,High
2024,Dhruv Jurel,Rajasthan Royals,Rajasthan Royals,Wicketkeeper,88,606,0,0,606.0,,,,27.55,60,70.33,2,9.09 %,High
2023,Dinesh Karthik,Royal Challengers Bengaluru,Royal Challengers Bangalore,Wicketkeeper,208,684,0,400,1292.0,,,24.85,,67,107.67,7,11.86 %,Medium
2021,Dinesh Karthik,Royal Challengers Bengaluru,Royal Challengers Bangalore,Wicketkeeper,272,1100,0,376,1748.0,25.71,,,,67,107.67,7,11.86 %,Medium
2022,Dinesh Karthik,Royal Challengers Bengaluru,Royal Challengers Bangalore,Wicketkeeper,256,1836,0,464,2556.0,,39.94,,,67,107.67,7,11.86 %,Medium
2024,Dinesh Karthik,Royal Challengers Bengaluru,Royal Challengers Bangalore,Wicketkeeper,208,2080,0,0,2080.0,,,,40.0,67,107.67,7,11.86 %,Medium
2024,Faf du Plessis,Royal Challengers Bengaluru,Royal Challengers Bangalore,Batsman,240,2704,0,0,2704.0,,,,45.07,80,127.33,27,44.26 %,Low
2023,Faf du Plessis,Royal Challengers Bengaluru,Royal Challengers Bangalore,Batsman,224,3904,0,96,4224.0,,,75.43,,80,127.33,27,44.26 %,Low
2021,Faf du Plessis,Royal Challengers Bengaluru,Royal Challengers Bangalore,Batsman,256,3316,0,384,3956.0,61.81,,,,80,127.33,27,44.26 %,Low
2022,Faf du Plessis,Royal Challengers Bengaluru,Royal Challengers Bangalore,Batsman,256,2340,0,176,2772.0,,43.31,,,80,127.33,27,44.26 %,Low
2024,Glenn Maxwell,Royal Challengers Bengaluru,Royal Challengers Bangalore,Allrounder,144,432,696,0,1128.0,,,,28.2,73,136.0,19,36.54 %,Low
2022,Glenn Maxwell,Royal Challengers Bengaluru,Royal Challengers Bangalore,Allrounder,208,1696,848,232,2984.0,,57.38,,,73,136.0,19,36.54 %,Low
2023,Glenn Maxwell,Royal Challengers Bengaluru,Royal Challengers Bangalore,Allrounder,224,2244,268,128,2864.0,,,51.14,,73,136.0,19,36.54 %,Low
2021,Glenn Maxwell,Royal Challengers Bengaluru,Royal Challengers Bangalore,Allrounder,240,2740,332,160,3472.0,57.87,,,,73,136.0,19,36.54 %,Low
2022,Hardik Pandya,Mumbai Indians,Gujarat Titans,Allrounder,240,2504,976,160,3880.0,,64.67,,,73,134.0,18,32.14 %,Low
2024,Hardik Pandya,Mumbai Indians,Gujarat Titans,Allrounder,208,1384,1356,0,2740.0,,,,48.93,73,134.0,18,32.14 %,Low
2021,Hardik Pandya,Mumbai Indians,Gujarat Titans,Allrounder,192,608,0,256,1056.0,22.0,,,,73,134.0,18,32.14 %,Low
2023,Hardik Pandya,Mumbai Indians,Gujarat Titans,Allrounder,240,1792,300,224,2556.0,,,42.6,,73,134.0,18,32.14 %,Low
2022,Harpreet Brar,Punjab Kings,Punjab Kings,Bowler,80,108,392,96,676.0,,33.8,,,61,129.33,6,16.22 %,High
2021,Harpreet Brar,Punjab Kings,Punjab Kings,Bowler,112,292,740,64,1208.0,43.14,,,,61,129.33,6,16.22 %,High
2024,Harpreet Brar,Punjab Kings,Punjab Kings,Bowler,112,508,1036,0,1544.0,,,,29.69,61,129.33,6,16.22 %,High
2023,Harpreet Brar,Punjab Kings,Punjab Kings,Bowler,192,244,1020,64,1520.0,,,31.67,,61,129.33,6,16.22 %,High
2023,Harpreet Singh,Punjab Kings,,Batsman,48,384,0,32,464.0,,,38.67,,56,51.67,0,0 %,High
2024,Harpreet Singh,Punjab Kings,,Batsman,32,156,0,0,156.0,,,,19.5,56,51.67,0,0 %,High
2023,Harry Brook,Sunrisers Hyderabad,Sunrisers Hyderabad,Batsman,44,235,0,24,303.0,,,27.55,,61,69.33,1,9.09 %,High
2024,Harshal Patel,Punjab Kings,Royal Challengers Bangalore,Bowler,64,140,2816,0,2956.0,,,,52.79,76,152.0,19,33.33 %,Low
2022,Harshal Patel,Punjab Kings,Royal Challengers Bangalore,Bowler,240,204,2132,64,2640.0,,44.0,,,76,152.0,19,33.33 %,Low
2021,Harshal Patel,Punjab Kings,Royal Challengers Bangalore,Bowler,240,316,3648,144,4348.0,72.47,,,,76,152.0,19,33.33 %,Low
2023,Harshal Patel,Punjab Kings,Royal Challengers Bangalore,Bowler,208,24,1432,88,1752.0,,,33.69,,76,152.0,19,33.33 %,Low
2023,Harshit Rana,Kolkata Knight Riders,Kolkata Knight Riders,Bowler,72,0,399,48,519.0,,,28.83,,59,76.0,4,21.05 %,High
2024,Harshit Rana,Kolkata Knight Riders,Kolkata Knight Riders,Bowler,0,0,1629,0,1629.0,,,,49.36,59,76.0,4,21.05 %,High
2022,Harshit Rana,Kolkata Knight Riders,Kolkata Knight Riders,Bowler,24,6,57,0,87.0,,14.5,,,59,76.0,4,21.05 %,High
2024,Heinrich Klaasen,Sunrisers Hyderabad,Sunrisers Hyderabad,Wicketkeeper,120,1458,0,0,1458.0,,,,48.6,76,124.33,12,46.15 %,Low
2023,Heinrich Klaasen,Sunrisers Hyderabad,Sunrisers Hyderabad,Wicketkeeper,88,1240,0,144,1472.0,,,66.91,,76,124.33,12,46.15 %,Low
2022,Hrithik Shokeen,Mumbai Indians,Mumbai Indians,Bowler,40,96,108,32,276.0,,27.6,,,55,48.67,1,7.69 %,High
2023,Hrithik Shokeen,Mumbai Indians,Mumbai Indians,Bowler,64,58,150,60,332.0,,,20.75,,55,48.67,1,7.69 %,High
2023,Ishan Kishan,Mumbai Indians,Mumbai Indians,Wicketkeeper,256,2464,0,536,3256.0,,,50.88,,72,123.0,15,27.78 %,Low
2024,Ishan Kishan,Mumbai Indians,Mumbai Indians,Wicketkeeper,224,2040,0,0,2040.0,,,,36.43,72,123.0,15,27.78 %,Low
2022,Ishan Kishan,Mumbai Indians,Mumbai Indians,Wicketkeeper,224,2092,0,592,2908.0,,51.93,,,72,123.0,15,27.78 %,Low
2021,Ishan Kishan,Mumbai Indians,Mumbai Indians,Wicketkeeper,160,1208,0,136,1504.0,37.6,,,,72,123.0,15,27.78 %,Low
2023,Ishant Sharma,Delhi Capitals,Delhi Capitals,Bowler,96,3,780,0,879.0,,,36.62,,58,72.0,4,20 %,High
2024,Ishant Sharma,Delhi Capitals,Delhi Capitals,Bowler,24,27,930,0,957.0,,,,35.44,58,72.0,4,20 %,High
2021,Ishant Sharma,Delhi Capitals,Delhi Capitals,Bowler,36,0,177,0,213.0,23.67,,,,58,72.0,4,20 %,High
2023,Jason Behrendorff,Mumbai Indians,Mumbai Indians,Bowler,48,6,362,16,432.0,,,36.0,,65,76.0,2,16.67 %,Medium
2021,Jason Holder,Rajasthan Royals,Rajasthan Royals,Bowling Allrounder,96,321,1302,48,1767.0,73.62,,,,65,123.0,9,32.14 %,Medium
2022,Jason Holder,Rajasthan Royals,Rajasthan Royals,Bowling Allrounder,144,204,1068,150,1566.0,,43.5,,,65,123.0,9,32.14 %,Medium
2023,Jason Holder,Rajasthan Royals,Rajasthan Royals,Bowling Allrounder,96,42,258,72,468.0,,,19.5,,65,123.0,9,32.14 %,Medium
2023,Jason Roy,Kolkata Knight Riders,Kolkata Knight Riders,Batsman,64,786,0,0,850.0,,,53.12,,62,91.33,5,38.46 %,High
2021,Jason Roy,Kolkata Knight Riders,Kolkata Knight Riders,Batsman,40,390,0,48,478.0,47.8,,,,62,91.33,5,38.46 %,High
2024,Jasprit Bumrah,Mumbai Indians,,Bowler,48,90,1848,0,1938.0,,,,49.69,73,139.0,15,36.59 %,Low
2022,Jasprit Bumrah,Mumbai Indians,,Bowler,168,0,1461,24,1653.0,,39.36,,,73,139.0,15,36.59 %,Low
2021,Jasprit Bumrah,Mumbai Indians,,Bowler,168,54,1821,84,2127.0,50.64,,,,73,139.0,15,36.59 %,Low
2022,Jaydev Unadkat,Sunrisers Hyderabad,,Bowler,80,276,640,32,1028.0,,51.4,,,57,97.0,4,16 %,High
2021,Jaydev Unadkat,Sunrisers Hyderabad,,Bowler,96,200,464,0,760.0,31.67,,,,57,97.0,4,16 %,High
2024,Jaydev Unadkat,Sunrisers Hyderabad,,Bowler,80,208,976,0,1184.0,,,,26.91,57,97.0,4,16 %,High
2023,Jaydev Unadkat,Sunrisers Hyderabad,,Bowler,48,40,-48,24,64.0,,,5.33,,57,97.0,4,16 %,High
2024,Jhye Richardson,Delhi Capitals,,Bowler,8,12,8,0,20.0,,,,10.0,52,39.33,1,25 %,High
2021,Jhye Richardson,Delhi Capitals,,Bowler,24,26,170,16,236.0,39.33,,,,52,39.33,1,25 %,High
2023,Jitesh Sharma,Punjab Kings,Punjab Kings,Wicketkeeper,168,1257,0,162,1587.0,,,37.79,,66,70.67,7,18.92 %,Medium
2022,Jitesh Sharma,Punjab Kings,Punjab Kings,Wicketkeeper,132,960,0,342,1434.0,,43.45,,,66,70.67,7,18.92 %,Medium
2024,Jitesh Sharma,Punjab Kings,Punjab Kings,Wicketkeeper,144,903,0,0,903.0,,,,25.08,66,70.67,7,18.92 %,Medium
2021,Jonny Bairstow,Punjab Kings,,Wicketkeeper,84,1026,0,102,1212.0,57.71,,,,65,125.33,9,31.03 %,Medium
2024,Jonny Bairstow,Punjab Kings,,Wicketkeeper,132,1392,0,0,1392.0,,,,42.18,65,125.33,9,31.03 %,Medium
2022,Jonny Bairstow,Punjab Kings,,Wicketkeeper,132,1029,0,120,1281.0,,38.82,,,65,125.33,9,31.03 %,Medium
2024,Jos Buttler,Rajasthan Royals,Rajasthan Royals,Wicketkeeper,176,2092,0,0,2092.0,,,,47.55,76,169.33,19,38.78 %,Low
2023,Jos Buttler,Rajasthan Royals,Rajasthan Royals,Wicketkeeper,224,2040,0,336,2600.0,,,46.43,,76,169.33,19,38.78 %,Low
2021,Jos Buttler,Rajasthan Royals,Rajasthan Royals,Wicketkeeper,112,1380,0,144,1636.0,58.43,,,,76,169.33,19,38.78 %,Low
2022,Jos Buttler,Rajasthan Royals,Rajasthan Royals,Wicketkeeper,272,4712,0,288,5272.0,,77.53,,,76,169.33,19,38.78 %,Low
2023,Josh Little,Gujarat Titans,Gujarat Titans,Bowler,80,0,386,80,546.0,,,27.3,,57,75.0,2,18.18 %,High
2024,Josh Little,Gujarat Titans,Gujarat Titans,Bowler,0,0,216,0,216.0,,,,,57,75.0,2,18.18 %,High
2024,KL Rahul,Lucknow Super Giants,Lucknow Super Giants,Wicketkeeper,224,2968,0,0,2968.0,,,,53.0,77,152.67,22,43.14 %,Low
2021,KL Rahul,Lucknow Super Giants,Lucknow Super Giants,Wicketkeeper,208,3232,0,376,3816.0,73.38,,,,77,152.67,22,43.14 %,Low
2023,KL Rahul,Lucknow Super Giants,Lucknow Super Giants,Wicketkeeper,144,1336,0,128,1608.0,,,44.67,,77,152.67,22,43.14 %,Low
2022,KL Rahul,Lucknow Super Giants,Lucknow Super Giants,Wicketkeeper,240,3196,0,336,3772.0,,62.87,,,77,152.67,22,43.14 %,Low
2021,Kagiso Rabada,Punjab Kings,Punjab Kings,Bowler,240,60,1772,240,2312.0,38.53,,,,67,108.33,11,24.44 %,Medium
2023,Kagiso Rabada,Punjab Kings,Punjab Kings,Bowler,96,0,684,0,780.0,,,32.5,,67,108.33,11,24.44 %,Medium
2024,Kagiso Rabada,Punjab Kings,Punjab Kings,Bowler,48,160,1372,0,1532.0,,,,34.82,67,108.33,11,24.44 %,Medium
2022,Kagiso Rabada,Punjab Kings,Punjab Kings,Bowler,208,244,2404,64,2920.0,,56.15,,,67,108.33,11,24.44 %,Medium
2022,Kane Williamson,Gujarat Titans,,Batsman,156,756,0,240,1152.0,,29.54,,,60,84.0,5,20 %,High
2024,Kane Williamson,Gujarat Titans,,Batsman,24,129,0,0,129.0,,,,21.5,60,84.0,5,20 %,High
2021,Kane Williamson,Gujarat Titans,,Batsman,120,969,0,204,1293.0,43.1,,,,60,84.0,5,20 %,High
2023,Karn Sharma,Royal Challengers Bengaluru,Royal Challengers Bangalore,Bowler,56,6,496,0,558.0,,,39.86,,60,62.0,4,25 %,High
2024,Karn Sharma,Royal Challengers Bengaluru,Royal Challengers Bangalore,Bowler,24,118,454,0,572.0,,,,31.78,60,62.0,4,25 %,High
2021,Khaleel Ahmed,Delhi Capitals,Delhi Capitals,Bowler,112,4,524,24,664.0,23.71,,,,63,85.0,6,15 %,High
2023,Khaleel Ahmed,Delhi Capitals,Delhi Capitals,Bowler,144,0,956,88,1188.0,,,33.0,,63,85.0,6,15 %,High
2022,Khaleel Ahmed,Delhi Capitals,Delhi Capitals,Bowler,160,0,1680,0,1840.0,,46.0,,,63,85.0,6,15 %,High
2024,Khaleel Ahmed,Delhi Capitals,Delhi Capitals,Bowler,0,0,2020,0,2020.0,,,,36.07,63,85.0,6,15 %,High
2024,Krishnappa Gowtham,Lucknow Super Giants,Lucknow Super Giants,Bowling Allrounder,0,0,12,0,12.0,,,,4.0,55,65.33,2,16.67 %,High
2023,Krishnappa Gowtham,Lucknow Super Giants,Lucknow Super Giants,Bowling Allrounder,84,249,255,120,708.0,,,33.71,,55,65.33,2,16.67 %,High
2022,Krishnappa Gowtham,Lucknow Super Giants,Lucknow Super Giants,Bowling Allrounder,48,-6,423,48,513.0,,42.75,,,55,65.33,2,16.67 %,High
2023,Krunal Pandya,Lucknow Super Giants,Lucknow Super Giants,Allrounder,240,884,1108,256,2488.0,,,41.47,,69,114.33,12,21.43 %,Low
2024,Krunal Pandya,Lucknow Super Giants,Lucknow Super Giants,Allrounder,176,852,824,0,1676.0,,,,29.93,69,114.33,12,21.43 %,Low
2022,Krunal Pandya,Lucknow Super Giants,Lucknow Super Giants,Allrounder,224,876,1176,248,2524.0,,45.07,,,69,114.33,12,21.43 %,Low
2021,Krunal Pandya,Lucknow Super Giants,Lucknow Super Giants,Allrounder,208,684,604,184,1680.0,32.31,,,,69,114.33,12,21.43 %,Low
2023,Kuldeep Yadav,Delhi Capitals,Delhi Capitals,Bowler,168,81,906,24,1179.0,,,28.07,,70,122.0,11,28.21 %,Low
2024,Kuldeep Yadav,Delhi Capitals,Delhi Capitals,Bowler,60,249,1416,0,1665.0,,,,50.45,70,122.0,11,28.21 %,Low
2022,Kuldeep Yadav,Delhi Capitals,Delhi Capitals,Bowler,168,147,1839,96,2250.0,,53.57,,,70,122.0,11,28.21 %,Low
2023,Kumar Kartikeya,Mumbai Indians,Mumbai Indians,Bowler,64,14,310,16,404.0,,,25.25,,56,63.0,3,25 %,High
2022,Kumar Kartikeya,Mumbai Indians,Mumbai Indians,Bowler,32,6,290,0,328.0,,41.0,,,56,63.0,3,25 %,High
2023,Kyle Mayers,Lucknow Super Giants,Lucknow Super Giants,Batting Allrounder,52,509,0,16,577.0,,,44.38,,70,95.0,5,38.46 %,Low
2024,Lalit Yadav,Delhi Capitals,Delhi Capitals,Allrounder,32,80,32,0,112.0,,,,14.0,58,71.33,3,11.54 %,High
2023,Lalit Yadav,Delhi Capitals,Delhi Capitals,Allrounder,96,312,208,152,768.0,,,32.0,,58,71.33,3,11.54 %,High
2022,Lalit Yadav,Delhi Capitals,Delhi Capitals,Allrounder,176,792,416,240,1624.0,,36.91,,,58,71.33,3,11.54 %,High
2021,Lalit Yadav,Delhi Capitals,Delhi Capitals,Allrounder,112,292,528,160,1092.0,39.0,,,,58,71.33,3,11.54 %,High
2023,Liam Livingstone,Punjab Kings,Punjab Kings,Allrounder,144,1500,192,96,1932.0,,,53.67,,66,136.33,13,37.14 %,Medium
2021,Liam Livingstone,Punjab Kings,Punjab Kings,Allrounder,80,196,0,96,372.0,18.6,,,,66,136.33,13,37.14 %,Medium
2024,Liam Livingstone,Punjab Kings,Punjab Kings,Allrounder,112,732,428,0,1160.0,,,,41.43,66,136.33,13,37.14 %,Medium
2022,Liam Livingstone,Punjab Kings,Punjab Kings,Allrounder,224,2472,656,160,3512.0,,62.71,,,66,136.33,13,37.14 %,Medium
2023,Lockie Ferguson,Royal Challengers Bengaluru,,Bowler,48,0,68,0,116.0,,,9.67,,60,102.0,8,25.81 %,High
2024,Lockie Ferguson,Royal Challengers Bengaluru,,Bowler,16,20,1076,0,1096.0,,,,39.14,60,102.0,8,25.81 %,High
2021,Lockie Ferguson,Royal Challengers Bengaluru,,Bowler,128,100,1484,144,1856.0,58.0,,,,60,102.0,8,25.81 %,High
2022,Lockie Ferguson,Royal Challengers Bengaluru,,Bowler,208,24,1288,88,1608.0,,30.92,,,60,102.0,8,25.81 %,High
2022,M Shahrukh Khan,Punjab Kings,Punjab Kings,Batsman,96,411,0,72,579.0,,24.12,,,59,67.33,3,9.68 %,High
2021,M Shahrukh Khan,Punjab Kings,Punjab Kings,Batsman,120,564,0,96,780.0,26.0,,,,59,67.33,3,9.68 %,High
2023,M Shahrukh Khan,Punjab Kings,Punjab Kings,Batsman,156,609,0,198,963.0,,,24.69,,59,67.33,3,9.68 %,High
2021,MS Dhoni,Chennai Super Kings,Chennai Super Kings,Wicketkeeper,156,384,0,354,894.0,22.92,,,,62,69.33,2,4.76 %,High
2022,MS Dhoni,Chennai Super Kings,Chennai Super Kings,Wicketkeeper,168,873,0,270,1311.0,,31.21,,,62,69.33,2,4.76 %,High
2023,MS Dhoni,Chennai Super Kings,Chennai Super Kings,Wicketkeeper,180,405,0,366,951.0,,,21.13,,62,69.33,2,4.76 %,High
2024,Maheesh Theekshana,Chennai Super Kings,Chennai Super Kings,Bowler,0,0,234,0,234.0,,,,15.6,61,105.33,6,22.22 %,High
2022,Maheesh Theekshana,Chennai Super Kings,Chennai Super Kings,Bowler,108,27,1074,0,1209.0,,44.78,,,61,105.33,6,22.22 %,High
2023,Maheesh Theekshana,Chennai Super Kings,Chennai Super Kings,Bowler,156,0,1005,90,1251.0,,,32.08,,61,105.33,6,22.22 %,High
2021,Mahipal Lomror,Royal Challengers Bengaluru,Royal Challengers Bangalore,Allrounder,64,476,108,0,648.0,40.5,,,,57,73.33,4,12.5 %,High
2022,Mahipal Lomror,Royal Challengers Bengaluru,Royal Challengers Bangalore,Allrounder,112,436,0,64,612.0,,21.86,,,57,73.33,4,12.5 %,High
2023,Mahipal Lomror,Royal Challengers Bengaluru,Royal Challengers Bangalore,Allrounder,176,736,0,128,1040.0,,,23.64,,57,73.33,4,12.5 %,High
2024,Mahipal Lomror,Royal Challengers Bengaluru,Royal Challengers Bangalore,Allrounder,160,876,16,0,892.0,,,,22.3,57,73.33,4,12.5 %,High
2021,Mandeep Singh,Kolkata Knight Riders,Kolkata Knight Riders,Allrounder,12,51,0,24,87.0,29.0,,,,52,27.0,0,0 %,High
2023,Mandeep Singh,Kolkata Knight Riders,Kolkata Knight Riders,Allrounder,96,42,0,192,330.0,,,13.75,,52,27.0,0,0 %,High
2022,Mandeep Singh,Kolkata Knight Riders,Kolkata Knight Riders,Allrounder,36,54,0,24,114.0,,12.67,,,52,27.0,0,0 %,High
2021,Manish Pandey,Kolkata Knight Riders,Delhi Capitals,Batsman,128,1492,0,160,1780.0,55.62,,,,58,89.67,5,20.83 %,High
2022,Manish Pandey,Kolkata Knight Riders,Delhi Capitals,Batsman,96,428,0,96,620.0,,25.83,,,58,89.67,5,20.83 %,High
2024,Manish Pandey,Kolkata Knight Riders,Delhi Capitals,Batsman,16,232,0,0,232.0,,,,58.0,58,89.67,5,20.83 %,High
2023,Manish Pandey,Kolkata Knight Riders,Delhi Capitals,Batsman,144,772,0,96,1012.0,,,28.11,,58,89.67,5,20.83 %,High
2022,Marco Jansen,Sunrisers Hyderabad,Sunrisers Hyderabad,Allrounder,128,44,780,96,1048.0,,32.75,,,57,79.67,4,19.05 %,High
2023,Marco Jansen,Sunrisers Hyderabad,Sunrisers Hyderabad,Allrounder,128,172,1032,96,1428.0,,,44.62,,57,79.67,4,19.05 %,High
2024,Marco Jansen,Sunrisers Hyderabad,Sunrisers Hyderabad,Allrounder,32,128,148,0,276.0,,,,23.0,57,79.67,4,19.05 %,High
2021,Marco Jansen,Sunrisers Hyderabad,Sunrisers Hyderabad,Allrounder,32,0,208,32,272.0,34.0,,,,57,79.67,4,19.05 %,High
2023,Marcus Stoinis,Lucknow Super Giants,Lucknow Super Giants,Allrounder,240,2176,516,128,3060.0,,,51.0,,69,146.67,13,26 %,Low
2024,Marcus Stoinis,Lucknow Super Giants,Lucknow Super Giants,Allrounder,224,2344,512,0,2856.0,,,,51.0,69,146.67,13,26 %,Low
2021,Marcus Stoinis,Lucknow Super Giants,Lucknow Super Giants,Allrounder,160,424,184,64,832.0,20.8,,,,69,146.67,13,26 %,Low
2022,Marcus Stoinis,Lucknow Super Giants,Lucknow Super Giants,Allrounder,176,844,472,152,1644.0,,37.36,,,69,146.67,13,26 %,Low
2024,Matheesha Pathirana,Chennai Super Kings,Chennai Super Kings,Bowler,0,0,1179,0,1179.0,,,,65.5,63,106.67,9,45 %,High
2023,Matheesha Pathirana,Chennai Super Kings,Chennai Super Kings,Bowler,144,0,1599,96,1839.0,,,51.08,,63,106.67,9,45 %,High
2022,Matheesha Pathirana,Chennai Super Kings,Chennai Super Kings,Bowler,24,0,174,24,222.0,,37.0,,,63,106.67,9,45 %,High
2023,Matthew Short,Punjab Kings,Punjab Kings,Allrounder,24,154,4,24,206.0,,,34.33,,57,54.0,1,16.67 %,High
2024,Matthew Wade,Gujarat Titans,,Wicketkeeper,8,16,0,0,16.0,,,,8.0,56,45.0,0,0 %,High
2022,Matthew Wade,Gujarat Titans,,Wicketkeeper,80,388,0,156,624.0,,31.2,,,56,45.0,0,0 %,High
2022,Mayank Agarwal,Sunrisers Hyderabad,Sunrisers Hyderabad,Batsman,208,1012,0,344,1564.0,,30.08,,,64,122.67,9,23.08 %,Medium
2024,Mayank Agarwal,Sunrisers Hyderabad,Sunrisers Hyderabad,Batsman,64,400,0,0,400.0,,,,25.0,64,122.67,9,23.08 %,Medium
2021,Mayank Agarwal,Sunrisers Hyderabad,Sunrisers Hyderabad,Batsman,192,2308,0,160,2660.0,55.42,,,,64,122.67,9,23.08 %,Medium
2023,Mayank Agarwal,Sunrisers Hyderabad,Sunrisers Hyderabad,Batsman,160,1340,0,192,1692.0,,,42.3,,64,122.67,9,23.08 %,Medium
2024,Mayank Dagar,Royal Challengers Bengaluru,,Bowler,8,8,106,0,114.0,,,,11.4,52,24.67,0,0 %,High
2023,Mayank Dagar,Royal Challengers Bengaluru,,Bowler,24,0,58,0,82.0,,,13.67,,52,24.67,0,0 %,High
2023,Mayank Markande,Sunrisers Hyderabad,Sunrisers Hyderabad,Bowler,160,100,1440,0,1700.0,,,42.5,,56,94.0,4,20 %,High
2022,Mayank Markande,Sunrisers Hyderabad,Sunrisers Hyderabad,Bowler,32,0,100,64,196.0,,24.5,,,56,94.0,4,20 %,High
2024,Mayank Markande,Sunrisers Hyderabad,Sunrisers Hyderabad,Bowler,0,0,976,0,976.0,,,,34.86,56,94.0,4,20 %,High
2021,Mayank Markande,Sunrisers Hyderabad,Sunrisers Hyderabad,Bowler,16,0,0,0,16.0,4.0,,,,56,94.0,4,20 %,High
2024,Mitchell Marsh,Delhi Capitals,Delhi Capitals,Allrounder,48,321,111,0,432.0,,,,36.0,64,161.67,6,28.57 %,Medium
2023,Mitchell Marsh,Delhi Capitals,Delhi Capitals,Allrounder,108,507,996,72,1683.0,,,62.33,,64,161.67,6,28.57 %,Medium
2022,Mitchell Marsh,Delhi Capitals,Delhi Capitals,Allrounder,96,966,306,0,1368.0,,57.0,,,64,161.67,6,28.57 %,Medium
2022,Mitchell Santner,Chennai Super Kings,,Allrounder,72,69,360,42,543.0,,30.17,,,54,54.67,1,8.33 %,High
2023,Mitchell Santner,Chennai Super Kings,,Allrounder,36,6,267,24,333.0,,,37.0,,54,54.67,1,8.33 %,High
2024,Mitchell Santner,Chennai Super Kings,,Allrounder,36,84,186,0,270.0,,,,30.0,54,54.67,1,8.33 %,High
2024,Moeen Ali,Chennai Super Kings,Chennai Super Kings,Allrounder,80,776,328,0,1104.0,,,,39.43,70,149.0,13,28.26 %,Low
2021,Moeen Ali,Chennai Super Kings,Chennai Super Kings,Allrounder,240,1872,784,208,3104.0,51.73,,,,70,149.0,13,28.26 %,Low
2022,Moeen Ali,Chennai Super Kings,Chennai Super Kings,Allrounder,160,1264,1016,160,2600.0,,65.0,,,70,149.0,13,28.26 %,Low
2023,Moeen Ali,Chennai Super Kings,Chennai Super Kings,Allrounder,224,616,1108,192,2140.0,,,38.21,,70,149.0,13,28.26 %,Low
2024,Mohammad Nabi,Mumbai Indians,,Allrounder,40,134,148,0,282.0,,,,20.14,55,54.33,1,10 %,High
2021,Mohammad Nabi,Mumbai Indians,,Allrounder,24,82,96,88,290.0,48.33,,,,55,54.33,1,10 %,High
2023,Mohammed Shami,Gujarat Titans,Gujarat Titans,Bowler,204,18,2454,96,2772.0,,,54.35,,77,113.0,16,34.04 %,Low
2021,Mohammed Shami,Gujarat Titans,Gujarat Titans,Bowler,168,39,1719,36,1962.0,46.71,,,,77,113.0,16,34.04 %,Low
2022,Mohammed Shami,Gujarat Titans,Gujarat Titans,Bowler,192,0,1776,108,2076.0,,43.25,,,77,113.0,16,34.04 %,Low
2023,Mohammed Siraj,Royal Challengers Bengaluru,Royal Challengers Bangalore,Bowler,224,4,2268,200,2696.0,,,48.14,,68,118.67,9,15.52 %,Medium
2021,Mohammed Siraj,Royal Challengers Bengaluru,Royal Challengers Bangalore,Bowler,240,92,1380,152,1864.0,31.07,,,,68,118.67,9,15.52 %,Medium
2022,Mohammed Siraj,Royal Challengers Bengaluru,Royal Challengers Bangalore,Bowler,240,132,884,160,1416.0,,23.6,,,68,118.67,9,15.52 %,Medium
2024,Mohammed Siraj,Royal Challengers Bengaluru,Royal Challengers Bangalore,Bowler,16,96,1852,0,1948.0,,,,34.79,68,118.67,9,15.52 %,Medium
2023,Mohit Sharma,Gujarat Titans,Gujarat Titans,Bowler,112,0,1478,116,1706.0,,,60.93,,72,128.33,9,34.62 %,Low
2024,Mohit Sharma,Gujarat Titans,Gujarat Titans,Bowler,16,20,738,0,758.0,,,,31.58,72,128.33,9,34.62 %,Low
2022,Mohsin Khan,Lucknow Super Giants,,Bowler,108,81,1272,24,1485.0,,55.0,,,60,108.67,5,21.74 %,High
2024,Mohsin Khan,Lucknow Super Giants,,Bowler,12,18,918,0,936.0,,,,31.2,60,108.67,5,21.74 %,High
2023,Mohsin Khan,Lucknow Super Giants,,Bowler,48,0,207,0,255.0,,,21.25,,60,108.67,5,21.74 %,High
2024,Mukesh Kumar,Delhi Capitals,Delhi Capitals,Bowler,16,22,1010,0,1032.0,,,,51.6,63,87.0,5,25 %,High
2023,Mukesh Kumar,Delhi Capitals,Delhi Capitals,Bowler,80,14,354,28,476.0,,,23.8,,63,87.0,5,25 %,High
2022,Narayan Jagadeesan,Kolkata Knight Riders,Kolkata Knight Riders,Wicketkeeper,16,98,0,0,114.0,,28.5,,,54,48.0,0,0 %,High
2023,Narayan Jagadeesan,Kolkata Knight Riders,Kolkata Knight Riders,Wicketkeeper,48,226,0,16,290.0,,,24.17,,54,48.0,0,0 %,High
2023,Nathan Ellis,Punjab Kings,Punjab Kings,Bowler,160,4,1468,0,1632.0,,,40.8,,55,91.0,3,18.75 %,High
2021,Nathan Ellis,Punjab Kings,Punjab Kings,Bowler,48,80,108,0,236.0,19.67,,,,55,91.0,3,18.75 %,High
2024,Nathan Ellis,Punjab Kings,Punjab Kings,Bowler,0,0,116,0,116.0,,,,29.0,55,91.0,3,18.75 %,High
2022,Nathan Ellis,Punjab Kings,Punjab Kings,Bowler,32,0,308,32,372.0,,46.5,,,55,91.0,3,18.75 %,High
2024,Naveen-ul-Haq,Lucknow Super Giants,Lucknow Super Giants,Bowler,8,12,796,0,808.0,,,,40.4,64,106.0,6,35.29 %,Medium
2023,Naveen-ul-Haq,Lucknow Super Giants,Lucknow Super Giants,Bowler,56,36,662,44,798.0,,,57.0,,64,106.0,6,35.29 %,Medium
2023,Nehal Wadhera,Mumbai Indians,Mumbai Indians,Batsman,88,652,0,88,828.0,,,37.64,,60,85.0,5,29.41 %,High
2024,Nehal Wadhera,Mumbai Indians,Mumbai Indians,Batsman,48,350,8,0,358.0,,,,29.83,60,85.0,5,29.41 %,High
2023,Nicholas Pooran,Lucknow Super Giants,Lucknow Super Giants,Wicketkeeper,240,2000,0,360,2600.0,,,43.33,,69,107.0,18,32.73 %,Low
2022,Nicholas Pooran,Lucknow Super Giants,Lucknow Super Giants,Wicketkeeper,224,1672,0,376,2272.0,,40.57,,,69,107.0,18,32.73 %,Low
2021,Nicholas Pooran,Lucknow Super Giants,Lucknow Super Giants,Wicketkeeper,192,384,0,96,672.0,14.0,,,,69,107.0,18,32.73 %,Low
2024,Nicholas Pooran,Lucknow Super Giants,Lucknow Super Giants,Wicketkeeper,224,3076,0,0,3076.0,,,,54.93,69,107.0,18,32.73 %,Low
2023,Nitish Kumar Reddy,Sunrisers Hyderabad,,Batting Allrounder,16,0,-8,16,24.0,,,6.0,,60,118.0,3,23.08 %,High
2024,Nitish Kumar Reddy,Sunrisers Hyderabad,,Batting Allrounder,88,922,206,0,1128.0,,,,51.27,60,118.0,3,23.08 %,High
2024,Nitish Rana,Kolkata Knight Riders,Kolkata Knight Riders,Batsman,32,256,0,0,256.0,,,,32.0,68,109.0,15,31.91 %,Medium
2022,Nitish Rana,Kolkata Knight Riders,Kolkata Knight Riders,Batsman,224,1936,0,216,2376.0,,42.43,,,68,109.0,15,31.91 %,Medium
2023,Nitish Rana,Kolkata Knight Riders,Kolkata Knight Riders,Batsman,224,2192,356,96,2868.0,,,51.21,,68,109.0,15,31.91 %,Medium
2021,Nitish Rana,Kolkata Knight Riders,Kolkata Knight Riders,Batsman,272,1964,0,128,2364.0,34.76,,,,68,109.0,15,31.91 %,Medium
2023,Noor Ahmad,Gujarat Titans,Gujarat Titans,Bowler,104,18,904,16,1042.0,,,40.08,,64,77.0,5,21.74 %,Medium
2024,Noor Ahmad,Gujarat Titans,Gujarat Titans,Bowler,16,30,528,0,558.0,,,,27.9,64,77.0,5,21.74 %,Medium
2022,Pat Cummins,Sunrisers Hyderabad,,Bowler,60,282,513,24,879.0,,58.6,,,67,113.67,10,35.71 %,Medium
2021,Pat Cummins,Sunrisers Hyderabad,,Bowler,84,384,723,48,1239.0,59.0,,,,67,113.67,10,35.71 %,Medium
2024,Pat Cummins,Sunrisers Hyderabad,,Bowler,120,678,1614,0,2292.0,,,,47.75,67,113.67,10,35.71 %,Medium
2023,Phil Salt,Kolkata Knight Riders,Delhi Capitals,Wicketkeeper,72,588,0,116,776.0,,,43.11,,69,127.0,7,33.33 %,Low
2024,Phil Salt,Kolkata Knight Riders,Delhi Capitals,Wicketkeeper,96,1358,0,0,1358.0,,,,56.58,69,127.0,7,33.33 %,Low
2021,Piyush Chawla,Mumbai Indians,Mumbai Indians,Allrounder,12,0,75,0,87.0,29.0,,,,64,95.0,9,32.14 %,Medium
2024,Piyush Chawla,Mumbai Indians,Mumbai Indians,Allrounder,72,135,1203,0,1338.0,,,,40.55,64,95.0,9,32.14 %,Medium
2023,Piyush Chawla,Mumbai Indians,Mumbai Indians,Allrounder,192,90,1860,24,2166.0,,,45.12,,64,95.0,9,32.14 %,Medium
2021,Prabhsimran Singh,Punjab Kings,Punjab Kings,Wicketkeeper,32,88,0,0,120.0,15.0,,,,60,115.0,6,19.35 %,High
2022,Prabhsimran Singh,Punjab Kings,Punjab Kings,Wicketkeeper,16,64,0,0,80.0,,20.0,,,60,115.0,6,19.35 %,High
2023,Prabhsimran Singh,Punjab Kings,Punjab Kings,Wicketkeeper,224,1960,0,32,2216.0,,,39.57,,60,115.0,6,19.35 %,High
2024,Prabhsimran Singh,Punjab Kings,Punjab Kings,Wicketkeeper,224,2152,0,0,2152.0,,,,38.43,60,115.0,6,19.35 %,High
2023,Prithvi Shaw,Delhi Capitals,Delhi Capitals,Batsman,128,528,0,32,688.0,,,21.5,,65,107.33,13,31.71 %,Medium
2024,Prithvi Shaw,Delhi Capitals,Delhi Capitals,Batsman,128,1240,0,0,1240.0,,,,38.75,65,107.33,13,31.71 %,Medium
2021,Prithvi Shaw,Delhi Capitals,Delhi Capitals,Batsman,240,2620,0,32,2892.0,48.2,,,,65,107.33,13,31.71 %,Medium
2022,Prithvi Shaw,Delhi Capitals,Delhi Capitals,Batsman,160,1560,0,128,1848.0,,46.2,,,65,107.33,13,31.71 %,Medium
2024,Quinton de Kock,Lucknow Super Giants,,Wicketkeeper,176,1552,0,0,1552.0,,,,35.27,67,151.33,14,34.15 %,Medium
2023,Quinton de Kock,Lucknow Super Giants,,Wicketkeeper,64,748,0,136,948.0,,,59.25,,67,151.33,14,34.15 %,Medium
2021,Quinton de Kock,Lucknow Super Giants,,Wicketkeeper,176,1488,0,224,1888.0,42.91,,,,67,151.33,14,34.15 %,Medium
2022,Quinton de Kock,Lucknow Super Giants,,Wicketkeeper,240,2716,0,480,3436.0,,57.27,,,67,151.33,14,34.15 %,Medium
2024,Rahmanullah Gurbaz,Kolkata Knight Riders,Kolkata Knight Riders,Wicketkeeper,16,200,0,0,200.0,,,,50.0,59,86.67,3,23.08 %,High
2023,Rahmanullah Gurbaz,Kolkata Knight Riders,Kolkata Knight Riders,Wicketkeeper,88,584,0,168,840.0,,,38.18,,59,86.67,3,23.08 %,High
2024,Rahul Chahar,Punjab Kings,Punjab Kings,Bowler,32,156,1240,0,1396.0,,,,38.78,65,109.67,10,21.28 %,Medium
2022,Rahul Chahar,Punjab Kings,Punjab Kings,Bowler,208,384,1608,128,2328.0,,44.77,,,65,109.67,10,21.28 %,Medium
2021,Rahul Chahar,Punjab Kings,Punjab Kings,Bowler,176,60,1468,64,1768.0,40.18,,,,65,109.67,10,21.28 %,Medium
2023,Rahul Chahar,Punjab Kings,Punjab Kings,Bowler,224,0,904,128,1256.0,,,22.43,,65,109.67,10,21.28 %,Medium
2021,Rahul Tewatia,Gujarat Titans,Gujarat Titans,Allrounder,224,752,800,64,1840.0,32.86,,,,62,81.0,5,9.8 %,High
2024,Rahul Tewatia,Gujarat Titans,Gujarat Titans,Allrounder,144,1168,0,0,1168.0,,,,32.44,62,81.0,5,9.8 %,High
2022,Rahul Tewatia,Gujarat Titans,Gujarat Titans,Allrounder,240,1132,-8,184,1548.0,,25.8,,,62,81.0,5,9.8 %,High
2023,Rahul Tewatia,Gujarat Titans,Gujarat Titans,Allrounder,208,416,0,256,880.0,,,16.92,,62,81.0,5,9.8 %,High
2023,Rahul Tripathi,Sunrisers Hyderabad,Sunrisers Hyderabad,Batsman,208,1392,0,64,1664.0,,,32.0,,68,107.0,12,24.49 %,Medium
2021,Rahul Tripathi,Sunrisers Hyderabad,Sunrisers Hyderabad,Batsman,256,2048,0,280,2584.0,40.38,,,,68,107.0,12,24.49 %,Medium
2024,Rahul Tripathi,Sunrisers Hyderabad,Sunrisers Hyderabad,Batsman,96,996,0,0,996.0,,,,41.5,68,107.0,12,24.49 %,Medium
2022,Rahul Tripathi,Sunrisers Hyderabad,Sunrisers Hyderabad,Batsman,224,2244,0,192,2660.0,,47.5,,,68,107.0,12,24.49 %,Medium
2021,Rajat Patidar,Royal Challengers Bengaluru,,Batsman,48,270,0,24,342.0,28.5,,,,65,115.33,10,41.67 %,Medium
2024,Rajat Patidar,Royal Challengers Bengaluru,,Batsman,156,1863,0,0,1863.0,,,,47.77,65,115.33,10,41.67 %,Medium
2022,Rajat Patidar,Royal Challengers Bengaluru,,Batsman,84,1338,0,96,1518.0,,72.29,,,65,115.33,10,41.67 %,Medium
2024,Ramandeep Singh,Kolkata Knight Riders,,Batsman,72,438,8,0,446.0,,,,24.78,58,76.67,2,14.29 %,High
2022,Ramandeep Singh,Kolkata Knight Riders,,Batsman,40,92,316,24,472.0,,47.2,,,58,76.67,2,14.29 %,High
2024,Rashid Khan,Gujarat Titans,Gujarat Titans,Bowler,128,672,1288,0,1960.0,,,,40.83,78,167.0,22,37.29 %,Low
2021,Rashid Khan,Gujarat Titans,Gujarat Titans,Bowler,224,384,2200,64,2872.0,51.29,,,,78,167.0,22,37.29 %,Low
2023,Rashid Khan,Gujarat Titans,Gujarat Titans,Bowler,272,744,3268,384,4668.0,,,68.65,,78,167.0,22,37.29 %,Low
2022,Rashid Khan,Gujarat Titans,Gujarat Titans,Bowler,256,512,2292,240,3300.0,,51.56,,,78,167.0,22,37.29 %,Low
2022,Rasikh Salam,Delhi Capitals,,Bowler,16,16,4,0,36.0,,9.0,,,56,78.67,3,30 %,High
2024,Rasikh Salam,Delhi Capitals,,Bowler,32,104,546,0,650.0,,,,40.62,56,78.67,3,30 %,High
2024,Ravi Bishnoi,Lucknow Super Giants,Lucknow Super Giants,Bowler,48,64,1224,0,1288.0,,,,23.0,66,97.33,11,21.57 %,Medium
2023,Ravi Bishnoi,Lucknow Super Giants,Lucknow Super Giants,Bowler,224,68,1800,256,2348.0,,,41.93,,66,97.33,11,21.57 %,Medium
2021,Ravi Bishnoi,Lucknow Super Giants,Lucknow Super Giants,Bowler,144,4,1472,88,1708.0,47.44,,,,66,97.33,11,21.57 %,Medium
2022,Ravi Bishnoi,Lucknow Super Giants,Lucknow Super Giants,Bowler,224,0,1444,168,1836.0,,32.79,,,66,97.33,11,21.57 %,Medium
2022,Ravichandran Ashwin,Rajasthan Royals,Rajasthan Royals,Bowling Allrounder,272,972,1384,160,2788.0,,41.0,,,68,109.33,8,14.04 %,Medium
2024,Ravichandran Ashwin,Rajasthan Royals,Rajasthan Royals,Bowling Allrounder,128,576,1124,0,1700.0,,,,30.36,68,109.33,8,14.04 %,Medium
2023,Ravichandran Ashwin,Rajasthan Royals,Rajasthan Royals,Bowling Allrounder,208,328,1584,32,2152.0,,,41.38,,68,109.33,8,14.04 %,Medium
2021,Ravichandran Ashwin,Rajasthan Royals,Rajasthan Royals,Bowling Allrounder,208,192,820,64,1284.0,24.69,,,,68,109.33,8,14.04 %,Medium
2021,Ravindra Jadeja,Chennai Super Kings,Chennai Super Kings,Allrounder,256,1168,1660,528,3612.0,56.44,,,,76,158.67,16,28.57 %,Low
2024,Ravindra Jadeja,Chennai Super Kings,Chennai Super Kings,Allrounder,176,1548,1056,0,2604.0,,,,46.5,76,158.67,16,28.57 %,Low
2023,Ravindra Jadeja,Chennai Super Kings,Chennai Super Kings,Allrounder,256,924,2376,224,3780.0,,,59.06,,76,158.67,16,28.57 %,Low
2022,Ravindra Jadeja,Chennai Super Kings,Chennai Super Kings,Allrounder,160,560,588,224,1532.0,,38.3,,,76,158.67,16,28.57 %,Low
2024,Reece Topley,Royal Challengers Bengaluru,,Bowler,8,14,232,0,246.0,,,,30.75,53,43.0,0,0 %,High
2023,Reece Topley,Royal Challengers Bengaluru,,Bowler,8,0,70,0,78.0,,,39.0,,53,43.0,0,0 %,High
2024,Rilee Rossouw,Punjab Kings,Delhi Capitals,Batsman,64,674,0,0,674.0,,,,42.12,62,96.0,4,23.53 %,High
2023,Rilee Rossouw,Punjab Kings,Delhi Capitals,Batsman,72,552,0,48,672.0,,,37.33,,62,96.0,4,23.53 %,High
2024,Rinku Singh,Kolkata Knight Riders,Kolkata Knight Riders,Batsman,264,1620,0,0,1620.0,,,,24.55,81,95.33,20,31.25 %,Low
2022,Rinku Singh,Kolkata Knight Riders,Kolkata Knight Riders,Batsman,168,1374,0,480,2022.0,,48.14,,,81,95.33,20,31.25 %,Low
2023,Rinku Singh,Kolkata Knight Riders,Kolkata Knight Riders,Batsman,336,3870,0,0,4206.0,,,50.07,,81,95.33,20,31.25 %,Low
2024,Rishabh Pant,Delhi Capitals,,Wicketkeeper,156,2010,0,0,2010.0,,,,51.54,74,101.67,14,32.56 %,Low
2022,Rishabh Pant,Delhi Capitals,,Wicketkeeper,168,1389,0,372,1929.0,,45.93,,,74,101.67,14,32.56 %,Low
2021,Rishabh Pant,Delhi Capitals,,Wicketkeeper,192,1587,0,450,2229.0,46.44,,,,74,101.67,14,32.56 %,Low
2022,Riyan Parag,Rajasthan Royals,Rajasthan Royals,Batsman,256,920,100,584,1860.0,,29.06,,,65,120.0,9,18.75 %,Medium
2024,Riyan Parag,Rajasthan Royals,Rajasthan Royals,Batsman,224,3364,32,0,3396.0,,,,60.64,65,120.0,9,18.75 %,Medium
2021,Riyan Parag,Rajasthan Royals,Rajasthan Royals,Batsman,176,444,100,304,1024.0,23.27,,,,65,120.0,9,18.75 %,Medium
2023,Riyan Parag,Rajasthan Royals,Rajasthan Royals,Batsman,112,392,0,32,536.0,,,19.14,,65,120.0,9,18.75 %,Medium
2021,Rohit Sharma,Mumbai Indians,Mumbai Indians,Batsman,208,1960,0,32,2200.0,42.31,,,,69,116.0,15,26.32 %,Low
2024,Rohit Sharma,Mumbai Indians,Mumbai Indians,Batsman,224,2620,0,0,2620.0,,,,46.79,69,116.0,15,26.32 %,Low
2023,Rohit Sharma,Mumbai Indians,Mumbai Indians,Batsman,256,1772,0,80,2108.0,,,32.94,,69,116.0,15,26.32 %,Low
2022,Rohit Sharma,Mumbai Indians,Mumbai Indians,Batsman,224,1360,0,224,1808.0,,32.29,,,69,116.0,15,26.32 %,Low
2022,Romario Shepherd,Mumbai Indians,,Bowling Allrounder,36,234,219,18,507.0,,56.33,,,54,73.67,2,20 %,High
2024,Romario Shepherd,Mumbai Indians,,Bowling Allrounder,60,321,135,0,456.0,,,,25.33,54,73.67,2,20 %,High
2023,Romario Shepherd,Mumbai Indians,,Bowling Allrounder,12,-6,0,0,6.0,,,2.0,,54,73.67,2,20 %,High
2022,Rovman Powell,Rajasthan Royals,,Batsman,168,1032,0,240,1440.0,,34.29,,,58,79.33,4,16.67 %,High
2024,Rovman Powell,Rajasthan Royals,,Batsman,84,525,0,0,525.0,,,,25.0,58,79.33,4,16.67 %,High
2023,Rovman Powell,Rajasthan Royals,,Batsman,36,24,99,0,159.0,,,17.67,,58,79.33,4,16.67 %,High
2022,Ruturaj Gaikwad,Chennai Super Kings,Chennai Super Kings,Batsman,224,1876,0,128,2228.0,,39.79,,,80,146.67,25,41.67 %,Low
2021,Ruturaj Gaikwad,Chennai Super Kings,Chennai Super Kings,Batsman,256,3332,0,192,3780.0,59.06,,,,80,146.67,25,41.67 %,Low
2023,Ruturaj Gaikwad,Chennai Super Kings,Chennai Super Kings,Batsman,256,3176,0,544,3976.0,,,62.12,,80,146.67,25,41.67 %,Low
2024,Ruturaj Gaikwad,Chennai Super Kings,Chennai Super Kings,Batsman,224,3308,0,0,3308.0,,,,59.07,80,146.67,25,41.67 %,Low
2023,Sai Sudharsan,Gujarat Titans,Gujarat Titans,Batsman,96,1389,0,48,1533.0,,,63.88,,67,134.33,10,40 %,Medium
2022,Sai Sudharsan,Gujarat Titans,Gujarat Titans,Batsman,60,537,0,24,621.0,,41.4,,,67,134.33,10,40 %,Medium
2024,Sai Sudharsan,Gujarat Titans,Gujarat Titans,Batsman,144,2217,0,0,2217.0,,,,61.58,67,134.33,10,40 %,Medium
2024,Sam Curran,Punjab Kings,Punjab Kings,Allrounder,144,1170,1452,0,2622.0,,,,67.23,73,113.67,17,47.22 %,Low
2021,Sam Curran,Punjab Kings,Punjab Kings,Allrounder,108,231,693,42,1074.0,39.78,,,,73,113.67,17,47.22 %,Low
2023,Sam Curran,Punjab Kings,Punjab Kings,Allrounder,168,1074,696,138,2076.0,,,49.43,,73,113.67,17,47.22 %,Low
2022,Sandeep Sharma,Rajasthan Royals,Rajasthan Royals,Bowler,80,0,232,64,376.0,,18.8,,,59,87.0,4,11.76 %,High
2021,Sandeep Sharma,Rajasthan Royals,Rajasthan Royals,Bowler,112,36,380,0,528.0,18.86,,,,59,87.0,4,11.76 %,High
2023,Sandeep Sharma,Rajasthan Royals,Rajasthan Royals,Bowler,192,8,1072,176,1448.0,,,30.17,,59,87.0,4,11.76 %,High
2024,Sandeep Sharma,Rajasthan Royals,Rajasthan Royals,Bowler,0,0,1588,0,1588.0,,,,39.7,59,87.0,4,11.76 %,High
2021,Sanju Samson,Rajasthan Royals,Rajasthan Royals,Wicketkeeper,224,2492,0,488,3204.0,57.21,,,,78,146.0,22,36.67 %,Low
2022,Sanju Samson,Rajasthan Royals,Rajasthan Royals,Wicketkeeper,272,2492,0,656,3420.0,,50.29,,,78,146.0,22,36.67 %,Low
2023,Sanju Samson,Rajasthan Royals,Rajasthan Royals,Wicketkeeper,224,1996,0,384,2604.0,,,46.5,,78,146.0,22,36.67 %,Low
2024,Sanju Samson,Rajasthan Royals,Rajasthan Royals,Wicketkeeper,240,3132,0,0,3132.0,,,,52.2,78,146.0,22,36.67 %,Low
2024,Sanvir Singh,Sunrisers Hyderabad,,Allrounder,24,56,0,0,56.0,,,,9.33,51,12.33,0,0 %,High
2023,Sanvir Singh,Sunrisers Hyderabad,,Allrounder,16,28,0,0,44.0,,,11.0,,51,12.33,0,0 %,High
2022,Shahbaz Ahmed,Sunrisers Hyderabad,Royal Challengers Bangalore,Allrounder,256,1084,384,304,2028.0,,31.69,,,64,106.33,6,12 %,Medium
2023,Shahbaz Ahmed,Sunrisers Hyderabad,Royal Challengers Bangalore,Allrounder,144,204,108,160,616.0,,,17.11,,64,106.33,6,12 %,Medium
2021,Shahbaz Ahmed,Sunrisers Hyderabad,Royal Challengers Bangalore,Allrounder,144,276,820,96,1336.0,37.11,,,,64,106.33,6,12 %,Medium
2024,Shahbaz Ahmed,Sunrisers Hyderabad,Royal Challengers Bangalore,Allrounder,192,1316,972,0,2288.0,,,,35.75,64,106.33,6,12 %,Medium
2024,Shardul Thakur,Chennai Super Kings,Kolkata Knight Riders,Bowler,48,164,708,0,872.0,,,,24.22,67,116.33,14,28 %,Medium
2023,Shardul Thakur,Chennai Super Kings,Kolkata Knight Riders,Bowler,176,576,636,128,1516.0,,,34.45,,67,116.33,14,28 %,Medium
2022,Shardul Thakur,Chennai Super Kings,Kolkata Knight Riders,Bowler,224,596,1604,192,2616.0,,46.71,,,67,116.33,14,28 %,Medium
2021,Shardul Thakur,Chennai Super Kings,Kolkata Knight Riders,Bowler,256,12,2284,88,2640.0,41.25,,,,67,116.33,14,28 %,Medium
2024,Shashank Singh,Punjab Kings,,Allrounder,224,2200,116,0,2316.0,,,,41.36,75,103.0,8,20 %,Low
2022,Shashank Singh,Punjab Kings,,Allrounder,96,328,0,96,520.0,,21.67,,,75,103.0,8,20 %,Low
2021,Shikhar Dhawan,Punjab Kings,Punjab Kings,Batsman,256,2968,0,320,3544.0,55.38,,,,71,137.67,16,34.78 %,Low
2023,Shikhar Dhawan,Punjab Kings,Punjab Kings,Batsman,176,1976,0,128,2280.0,,,51.82,,71,137.67,16,34.78 %,Low
2024,Shikhar Dhawan,Punjab Kings,Punjab Kings,Batsman,80,896,0,0,896.0,,,,44.8,71,137.67,16,34.78 %,Low
2022,Shikhar Dhawan,Punjab Kings,Punjab Kings,Batsman,224,2300,0,320,2844.0,,50.79,,,71,137.67,16,34.78 %,Low
2024,Shimron Hetmyer,Rajasthan Royals,Rajasthan Royals,Batsman,144,780,0,0,780.0,,,,21.67,65,87.67,7,13.46 %,Medium
2023,Shimron Hetmyer,Rajasthan Royals,Rajasthan Royals,Batsman,224,1660,0,376,2260.0,,,40.36,,65,87.67,7,13.46 %,Medium
2022,Shimron Hetmyer,Rajasthan Royals,Rajasthan Royals,Batsman,240,1748,0,168,2156.0,,35.93,,,65,87.67,7,13.46 %,Medium
2021,Shimron Hetmyer,Rajasthan Royals,Rajasthan Royals,Batsman,224,1276,0,152,1652.0,29.5,,,,65,87.67,7,13.46 %,Medium
2024,Shivam Dube,Chennai Super Kings,Chennai Super Kings,Allrounder,224,2480,116,0,2596.0,,,,46.36,69,115.33,14,29.17 %,Low
2021,Shivam Dube,Chennai Super Kings,Chennai Super Kings,Allrounder,144,1176,0,64,1384.0,38.44,,,,69,115.33,14,29.17 %,Low
2023,Shivam Dube,Chennai Super Kings,Chennai Super Kings,Allrounder,224,2280,0,192,2696.0,,,48.14,,69,115.33,14,29.17 %,Low
2022,Shivam Dube,Chennai Super Kings,Chennai Super Kings,Allrounder,176,1540,0,192,1908.0,,43.36,,,69,115.33,14,29.17 %,Low
2022,Shreyas Iyer,Kolkata Knight Riders,,Batsman,168,1548,0,126,1842.0,,43.86,,,67,94.33,7,19.44 %,Medium
2024,Shreyas Iyer,Kolkata Knight Riders,,Batsman,168,1593,0,0,1593.0,,,,37.93,67,94.33,7,19.44 %,Medium
2021,Shreyas Iyer,Kolkata Knight Riders,,Batsman,96,630,0,162,888.0,37.0,,,,67,94.33,7,19.44 %,Medium
2023,Shubman Gill,Gujarat Titans,Gujarat Titans,Batsman,272,4756,0,192,5220.0,,,76.76,,80,161.0,24,38.71 %,Low
2024,Shubman Gill,Gujarat Titans,Gujarat Titans,Batsman,192,2432,0,0,2432.0,,,,50.67,80,161.0,24,38.71 %,Low
2021,Shubman Gill,Gujarat Titans,Gujarat Titans,Batsman,272,2392,0,192,2856.0,42.0,,,,80,161.0,24,38.71 %,Low
2022,Shubman Gill,Gujarat Titans,Gujarat Titans,Batsman,256,2448,0,224,2928.0,,45.75,,,80,161.0,24,38.71 %,Low
2024,Sikandar Raza,Punjab Kings,Punjab Kings,Allrounder,16,126,8,0,134.0,,,,33.5,57,84.0,2,22.22 %,High
2023,Sikandar Raza,Punjab Kings,Punjab Kings,Allrounder,56,358,154,88,656.0,,,46.86,,57,84.0,2,22.22 %,High
2024,Sunil Narine,Kolkata Knight Riders,Kolkata Knight Riders,Bowler,224,3104,2148,0,5252.0,,,,93.79,75,187.67,21,37.5 %,Low
2021,Sunil Narine,Kolkata Knight Riders,Kolkata Knight Riders,Bowler,224,332,2040,64,2660.0,47.5,,,,75,187.67,21,37.5 %,Low
2023,Sunil Narine,Kolkata Knight Riders,Kolkata Knight Riders,Bowler,224,76,1228,32,1560.0,,,27.86,,75,187.67,21,37.5 %,Low
2022,Sunil Narine,Kolkata Knight Riders,Kolkata Knight Riders,Bowler,224,364,1268,88,1944.0,,34.71,,,75,187.67,21,37.5 %,Low
2024,Suryakumar Yadav,Mumbai Indians,Mumbai Indians,Batsman,176,2132,0,0,2132.0,,,,48.45,72,142.0,18,36.73 %,Low
2023,Suryakumar Yadav,Mumbai Indians,Mumbai Indians,Batsman,256,3368,0,208,3832.0,,,59.88,,72,142.0,18,36.73 %,Low
2022,Suryakumar Yadav,Mumbai Indians,Mumbai Indians,Batsman,128,1648,0,96,1872.0,,58.5,,,72,142.0,18,36.73 %,Low
2021,Suryakumar Yadav,Mumbai Indians,Mumbai Indians,Batsman,224,1676,0,160,2060.0,36.79,,,,72,142.0,18,36.73 %,Low
2023,Suyash Prabhudessai,Royal Challengers Bengaluru,,Batsman,48,132,0,108,288.0,,,24.0,,53,45.33,1,10 %,High
2022,Suyash Prabhudessai,Royal Challengers Bengaluru,,Batsman,60,264,0,126,450.0,,30.0,,,53,45.33,1,10 %,High
2024,Suyash Prabhudessai,Royal Challengers Bengaluru,,Batsman,12,102,0,0,102.0,,,,34.0,53,45.33,1,10 %,High
2024,Suyash Sharma,Kolkata Knight Riders,Kolkata Knight Riders,Bowler,0,0,16,0,16.0,,,,4.0,56,71.67,3,23.08 %,High
2023,Suyash Sharma,Kolkata Knight Riders,Kolkata Knight Riders,Bowler,88,0,576,12,676.0,,,30.73,,56,71.67,3,23.08 %,High
2024,Swapnil Singh,Royal Challengers Bengaluru,,Bowler,40,150,388,0,538.0,,,,38.43,55,61.33,2,22.22 %,High
2023,Swapnil Singh,Royal Challengers Bengaluru,,Bowler,16,4,0,0,20.0,,,5.0,,55,61.33,2,22.22 %,High
2022,T Natarajan,Sunrisers Hyderabad,Sunrisers Hyderabad,Bowler,132,0,1572,78,1782.0,,54.0,,,62,92.0,7,28 %,High
2021,T Natarajan,Sunrisers Hyderabad,Sunrisers Hyderabad,Bowler,24,0,150,0,174.0,29.0,,,,62,92.0,7,28 %,High
2023,T Natarajan,Sunrisers Hyderabad,Sunrisers Hyderabad,Bowler,144,0,762,108,1014.0,,,28.17,,62,92.0,7,28 %,High
2024,Tilak Varma,Mumbai Indians,Mumbai Indians,Batting Allrounder,156,1842,12,0,1854.0,,,,47.54,72,112.33,11,28.95 %,Low
2022,Tilak Varma,Mumbai Indians,Mumbai Indians,Batting Allrounder,168,1536,0,276,1980.0,,47.14,,,72,112.33,11,28.95 %,Low
2023,Tilak Varma,Mumbai Indians,Mumbai Indians,Batting Allrounder,132,1401,0,114,1647.0,,,49.91,,72,112.33,11,28.95 %,Low
2024,Tim David,Mumbai Indians,Mumbai Indians,Batsman,176,1492,0,0,1492.0,,,,33.91,61,76.67,7,20 %,High
2022,Tim David,Mumbai Indians,Mumbai Indians,Batsman,128,1040,0,192,1360.0,,42.5,,,61,76.67,7,20 %,High
2023,Tim David,Mumbai Indians,Mumbai Indians,Batsman,240,1252,0,408,1900.0,,,31.67,,61,76.67,7,20 %,High
2021,Tim David,Mumbai Indians,Mumbai Indians,Batsman,16,4,0,0,20.0,5.0,,,,61,76.67,7,20 %,High
2024,Travis Head,Sunrisers Hyderabad,,,60,783,0,0,887.1,,,,59.1,78,125.55,7,34.56,Low
2024,Trent Boult,Rajasthan Royals,Rajasthan Royals,Bowler,64,136,1968,0,2104.0,,,,35.07,69,101.67,15,27.27 %,Low
2022,Trent Boult,Rajasthan Royals,Rajasthan Royals,Bowler,256,176,1952,64,2448.0,,38.25,,,69,101.67,15,27.27 %,Low
2023,Trent Boult,Rajasthan Royals,Rajasthan Royals,Bowler,160,84,1708,96,2048.0,,,51.2,,69,101.67,15,27.27 %,Low
2021,Trent Boult,Rajasthan Royals,Rajasthan Royals,Bowler,224,4,1668,128,2024.0,36.14,,,,69,101.67,15,27.27 %,Low
2023,Tristan Stubbs,Delhi Capitals,,Wicketkeeper,24,69,81,0,174.0,,,29.0,,59,101.0,6,33.33 %,High
2024,Tristan Stubbs,Delhi Capitals,,Wicketkeeper,156,1746,249,0,1995.0,,,,47.5,59,101.0,6,33.33 %,High
2022,Tristan Stubbs,Delhi Capitals,,Wicketkeeper,24,0,0,0,24.0,,4.0,,,59,101.0,6,33.33 %,High
2022,Tushar Deshpande,Chennai Super Kings,Chennai Super Kings,Bowler,24,0,69,24,117.0,,19.5,,,64,91.33,8,25.81 %,Medium
2023,Tushar Deshpande,Chennai Super Kings,Chennai Super Kings,Bowler,192,0,1587,48,1827.0,,,38.06,,64,91.33,8,25.81 %,Medium
2024,Tushar Deshpande,Chennai Super Kings,Chennai Super Kings,Bowler,12,12,1515,0,1527.0,,,,39.15,64,91.33,8,25.81 %,Medium
2023,Umesh Yadav,Gujarat Titans,Kolkata Knight Riders,Bowler,96,60,51,72,279.0,,,11.62,,62,104.33,5,18.52 %,High
2024,Umesh Yadav,Gujarat Titans,Kolkata Knight Riders,Bowler,24,72,708,0,780.0,,,,37.14,62,104.33,5,18.52 %,High
2022,Umesh Yadav,Gujarat Titans,Kolkata Knight Riders,Bowler,144,207,1464,72,1887.0,,52.42,,,62,104.33,5,18.52 %,High
2021,Umran Malik,Sunrisers Hyderabad,Sunrisers Hyderabad,Bowler,48,0,208,0,256.0,21.33,,,,59,141.0,7,26.92 %,High
2022,Umran Malik,Sunrisers Hyderabad,Sunrisers Hyderabad,Bowler,224,16,2672,96,3008.0,,53.71,,,59,141.0,7,26.92 %,High
2023,Umran Malik,Sunrisers Hyderabad,Sunrisers Hyderabad,Bowler,128,96,516,104,844.0,,,26.38,,59,141.0,7,26.92 %,High
2024,Umran Malik,Sunrisers Hyderabad,Sunrisers Hyderabad,Bowler,0,0,16,0,16.0,,,,4.0,59,141.0,7,26.92 %,High
2022,Vaibhav Arora,Kolkata Knight Riders,,Bowler,60,15,237,24,336.0,,22.4,,,57,71.0,5,25 %,High
2023,Vaibhav Arora,Kolkata Knight Riders,,Bowler,60,9,357,72,498.0,,,33.2,,57,71.0,5,25 %,High
2024,Vaibhav Arora,Kolkata Knight Riders,,Bowler,12,15,993,0,1008.0,,,,33.6,57,71.0,5,25 %,High
2022,Varun Chakravarthy,Kolkata Knight Riders,Kolkata Knight Riders,Bowler,176,48,624,88,936.0,,21.27,,,69,128.0,14,25 %,Low
2024,Varun Chakravarthy,Kolkata Knight Riders,Kolkata Knight Riders,Bowler,0,0,2420,0,2420.0,,,,43.21,69,128.0,14,25 %,Low
2021,Varun Chakravarthy,Kolkata Knight Riders,Kolkata Knight Riders,Bowler,272,8,2224,104,2608.0,38.35,,,,69,128.0,14,25 %,Low
2023,Varun Chakravarthy,Kolkata Knight Riders,Kolkata Knight Riders,Bowler,224,4,2456,96,2780.0,,,49.64,,69,128.0,14,25 %,Low
2024,Venkatesh Iyer,Kolkata Knight Riders,Kolkata Knight Riders,Allrounder,208,2272,16,0,2288.0,,,,44.0,69,128.67,16,32 %,Low
2021,Venkatesh Iyer,Kolkata Knight Riders,Kolkata Knight Riders,Allrounder,160,1956,284,248,2648.0,66.2,,,,69,128.67,16,32 %,Low
2022,Venkatesh Iyer,Kolkata Knight Riders,Kolkata Knight Riders,Allrounder,208,876,0,264,1348.0,,25.92,,,69,128.67,16,32 %,Low
2023,Venkatesh Iyer,Kolkata Knight Riders,Kolkata Knight Riders,Allrounder,224,2136,0,96,2456.0,,,43.86,,69,128.67,16,32 %,Low
2021,Vijay Shankar,Gujarat Titans,Gujarat Titans,Allrounder,96,260,324,88,768.0,32.0,,,,58,90.67,4,14.29 %,High
2022,Vijay Shankar,Gujarat Titans,Gujarat Titans,Allrounder,64,64,0,120,248.0,,15.5,,,58,90.67,4,14.29 %,High
2024,Vijay Shankar,Gujarat Titans,Gujarat Titans,Allrounder,112,532,0,0,532.0,,,,19.0,58,90.67,4,14.29 %,High
2023,Vijay Shankar,Gujarat Titans,Gujarat Titans,Allrounder,176,1624,0,88,1888.0,,,42.91,,58,90.67,4,14.29 %,High
2023,Vijaykumar Vyshak,Royal Challengers Bengaluru,Royal Challengers Bangalore,Bowler,56,30,442,16,544.0,,,38.86,,57,74.67,2,18.18 %,High
2024,Vijaykumar Vyshak,Royal Challengers Bengaluru,Royal Challengers Bangalore,Bowler,16,18,232,0,250.0,,,,31.25,57,74.67,2,18.18 %,High
2024,Virat Kohli,Royal Challengers Bengaluru,Royal Challengers Bangalore,Batsman,240,4308,0,0,4308.0,,,,71.8,79,149.67,23,38.33 %,Low
2023,Virat Kohli,Royal Challengers Bengaluru,Royal Challengers Bangalore,Batsman,224,3344,0,432,4000.0,,,71.43,,79,149.67,23,38.33 %,Low
2021,Virat Kohli,Royal Challengers Bengaluru,Royal Challengers Bangalore,Batsman,240,2040,0,304,2584.0,43.07,,,,79,149.67,23,38.33 %,Low
2022,Virat Kohli,Royal Challengers Bengaluru,Royal Challengers Bangalore,Batsman,256,1676,0,288,2220.0,,34.69,,,79,149.67,23,38.33 %,Low
2023,Wanindu Hasaranga,Royal Challengers Bangalore,Royal Challengers Bangalore,Allrounder,32,36,217,0,285.0,,,35.62,,60,59.0,2,25 %,High
2023,Washington Sundar,Sunrisers Hyderabad,Sunrisers Hyderabad,Bowling Allrounder,112,264,316,88,780.0,,,27.86,,56,91.33,3,12.5 %,High
2021,Washington Sundar,Sunrisers Hyderabad,Sunrisers Hyderabad,Bowling Allrounder,96,116,356,32,600.0,25.0,,,,56,91.33,3,12.5 %,High
2022,Washington Sundar,Sunrisers Hyderabad,Sunrisers Hyderabad,Bowling Allrounder,144,512,648,32,1336.0,,37.11,,,56,91.33,3,12.5 %,High
2024,Washington Sundar,Sunrisers Hyderabad,Sunrisers Hyderabad,Bowling Allrounder,16,16,132,0,148.0,,,,18.5,56,91.33,3,12.5 %,High
2023,Wayne Parnell,Royal Challengers Bangalore,Royal Challengers Bangalore,Bowler,28,2,251,32,313.0,,,44.71,,61,75.0,2,28.57 %,High
2023,Wriddhiman Saha,Gujarat Titans,Gujarat Titans,Wicketkeeper,272,1896,0,520,2688.0,,,39.53,,65,107.0,8,17.39 %,Medium
2024,Wriddhiman Saha,Gujarat Titans,Gujarat Titans,Wicketkeeper,144,880,0,0,880.0,,,,24.44,65,107.0,8,17.39 %,Medium
2021,Wriddhiman Saha,Gujarat Titans,Gujarat Titans,Wicketkeeper,144,632,0,192,968.0,26.89,,,,65,107.0,8,17.39 %,Medium
2022,Wriddhiman Saha,Gujarat Titans,Gujarat Titans,Wicketkeeper,176,1604,0,536,2316.0,,52.64,,,65,107.0,8,17.39 %,Medium
2023,Yash Thakur,Lucknow Super Giants,Lucknow Super Giants,Bowler,72,0,682,40,794.0,,,44.11,,63,113.33,4,21.05 %,High
2024,Yash Thakur,Lucknow Super Giants,Lucknow Super Giants,Bowler,0,0,694,0,694.0,,,,34.7,63,113.33,4,21.05 %,High
2024,Yashasvi Jaiswal,Rajasthan Royals,Rajasthan Royals,Batsman,240,2668,0,0,2668.0,,,,44.47,72,158.0,18,36.73 %,Low
2021,Yashasvi Jaiswal,Rajasthan Royals,Rajasthan Royals,Batsman,160,1364,0,96,1620.0,40.5,,,,72,158.0,18,36.73 %,Low
2023,Yashasvi Jaiswal,Rajasthan Royals,Rajasthan Royals,Batsman,224,3436,0,328,3988.0,,,71.21,,72,158.0,18,36.73 %,Low
2022,Yashasvi Jaiswal,Rajasthan Royals,Rajasthan Royals,Batsman,160,1360,0,64,1584.0,,39.6,,,72,158.0,18,36.73 %,Low
2023,Yudhvir Singh,Lucknow Super Giants,,Bowler,24,2,158,0,184.0,,,30.67,,53,45.67,1,20 %,High
2024,Yudhvir Singh,Lucknow Super Giants,,Bowler,16,78,66,0,144.0,,,,36.0,53,45.67,1,20 %,High
2021,Yuzvendra Chahal,Rajasthan Royals,Rajasthan Royals,Bowler,240,16,2152,152,2560.0,42.67,,,,74,137.67,17,27.87 %,Low
2022,Yuzvendra Chahal,Rajasthan Royals,Rajasthan Royals,Bowler,272,20,3172,48,3512.0,,51.65,,,74,137.67,17,27.87 %,Low
2023,Yuzvendra Chahal,Rajasthan Royals,Rajasthan Royals,Bowler,224,0,2388,32,2644.0,,,47.21,,74,137.67,17,27.87 %,Low
2024,Yuzvendra Chahal,Rajasthan Royals,Rajasthan Royals,Bowler,0,0,2136,0,2136.0,,,,35.6,74,137.67,17,27.87 %,Low
